人口年齡結構重要指標,,,,,,,,,,,,,,
,,,,,,,,,,,,,,單位：人；%
年　別,,總　　計,0 ～ 4 歲,,0 ～ 6 歲,,0 ～ 11 歲,,12 ～ 17 歲,,20歲以上,,65歲以上,
,,,人 口 數,％,人 口 數,％,人 口 數,％,人 口 數,％,人 口 數,％,人 口 數,％
民國63年,1974,15927167,1802339,11.316130483217762,2577140,16.1807809260743,4558704,28.622189997756664,2359380,14.813557238396507,8253510,51.8203268666675,537331,3.3736759337049707
民國64年,1975,16223089,1792451,11.04876512728248,2563009,15.798526408873181,4519245,27.856871154439204,2398536,14.78470592129526,8558481,52.754940813059704,568068,3.5016019452275704
民國65年,1976,16579737,1831226,11.044964102868459,2590633,15.625296106928596,4533505,27.343648454737252,2417196,14.5792179936268,8877451,53.54397961801204,603525,3.6401361493249262
民國66年,1977,16882053,1863447,11.038035480637337,2597035,15.383407456427248,4526765,26.814066985810314,2413749,14.29772196545053,9160290,54.260521513586056,647024,3.8326144338013868
民國67年,1978,17202491,1911156,11.109763115120943,2631930,15.299702816295616,4530745,26.337726321147326,2411354,14.017469911770336,9466576,55.03026276833977,686387,3.990044232547484
民國68年,1979,17543067,1965802,11.205577679205124,2686936,15.316227202461235,4577062,26.09043219181686,2379094,13.561448519805575,9788533,55.797159071444,727783,4.148550535661752
民國69年,1980,17866008,1997423,11.180018502174633,2722659,15.239324867648104,4585291,25.664888317524543,2357676,13.196434256606176,10119628,56.64179709311672,766140,4.2882551043299655
民國70年,1981,18193955,1992998,10.954176813122821,2779823,15.278827500672614,4612894,25.353992576105632,2334328,12.830239494381512,10435843,57.35884803496546,802845,4.412701911156755
民國71年,1982,18515754,2005926,10.833617685782604,2816723,15.212575194075272,4632109,25.017123256228185,2313381,12.494122572594128,10761304,58.11971794397355,842227,4.548704848854657
民國72年,1983,18790538,1988677,10.58339574949903,2784250,14.81729794005898,4650547,24.74940845227529,2289541,12.184542028546495,11057305,58.84506872554687,879353,4.679764890180366
民國73年,1984,19069194,1929414,10.117963035039656,2752104,14.432198864828791,4645380,24.360652054827277,2249999,11.799130052376624,11384751,59.70231882899718,925580,4.853797176744859
民國74年,1985,19313825,1866549,9.664315587409538,2689986,13.927774534562678,4625876,23.95111273919071,2238037,11.58774608344023,11685421,60.50288329732717,977055,5.058837387208386
民國75年,1986,19509082,1777521,9.111248801968232,2593218,13.292363013287861,4582637,23.489762357859792,2207437,11.314919892181498,11967873,61.345136588179805,1030542,5.282370539013574
民國76年,1987,19725010,1684379,8.539306190465808,2491294,12.630127944168343,4518973,22.909864177508656,2188208,11.0935710552238,12252004,62.11405722988227,1093427,5.543353336702998
民國77年,1988,19954397,1643894,8.238254455897614,2420022,12.127763119075961,4438684,22.24413997576574,2224075,11.145789070950126,12529032,62.78832680336068,1145787,5.742027684424641
民國78年,1989,20156587,1606605,7.97062022454496,2351885,11.6680715837458,4377647,21.718195644927388,2235641,11.091366807287365,12794738,63.4767086312777,1201321,5.959942523999723
民國79年,1990,20401305,1613288,7.907768645192061,2324026,11.391555589213533,4322260,21.186193726332704,2274573,11.149154429091668,13079468,64.11093800127001,1268631,6.218381618234716
民國80年,1991,20605831,1623446,7.878575729365149,2277826,11.054278762162031,4228042,20.518667749919913,2328061,11.29806897863037,13338634,64.73232746594884,1345429,6.529360548477758
民國81年,1992,20802622,1629553,7.833401962502612,2254498,10.837566533680224,4143819,19.91969569989783,2373277,11.408547441759985,13576697,65.26435465683123,1416133,6.807473596357229
民國82年,1993,20995416,1614598,7.690240574418721,2272561,10.824081790044074,4059387,19.334634760273385,2414096,11.498205132015483,13809521,65.77398133001985,1490801,7.100602341006246
民國83年,1994,21177874,1601632,7.562761021243208,2260270,10.672789912717395,3959675,18.69722617105003,2405088,11.356607372392526,14039670,66.2940482127715,1562356,7.377303311937733
民國84年,1995,21357431,1590485,7.4469864844699725,2237900,10.478320168750633,3895915,18.241496367236305,2394059,11.209489568291243,14273013,66.82925956778229,1631054,7.636939105644307
民國85年,1996,21525433,1590975,7.391140517359163,2244276,10.426159603850941,3846136,17.867868209666213,2356678,10.948341898627545,14543281,67.56324483693314,1691608,7.858647953794937
民國86年,1997,21742815,1599094,7.354585871240683,2237912,10.29265069863309,3836548,17.64513012689479,2280959,10.49063334255477,14816282,68.14334758401799,1752056,8.058091834015054
民國87年,1998,21928591,1545889,7.049650385654053,2193379,10.0023708773628,3811236,17.38021380397856,2181983,9.950402194103578,15123913,68.96892280949561,1810231,8.255117713673442
民國88年,1999,22092387,1507221,6.82235468715988,2156840,9.76282010631083,3785640,17.135495589498774,2083263,9.429777778200247,15417539,69.78665999287446,1865472,8.443958545538786
民國89年,2000,22276672,1489242,6.685208634395659,2137162,9.593722078414585,3751124,16.838798901379885,2027945,9.103446870340418,15698216,70.46930528940769,1921308,8.624753284512158
民國90年,2001,22405568,1426759,6.367876949158352,2074803,9.260211568838603,3700255,16.51489040581341,1962266,8.757939097995642,15975337,71.30074542185228,1973357,8.80744018629655
民國91年,2002,22520776,1350829,5.998145889821914,1997579,8.869938584709516,3611832,16.037777739097443,1932701,8.581857925321934,16240758,72.11455768664455,2031300,9.019671435833294
民國92年,2003,22604550,1309903,5.794864308291914,1901046,8.410014797905731,3517927,15.562915430742926,1912023,8.458575817700419,16476882,72.89188238651067,2087734,9.235901621576186
民國93年,2004,22689122,1243939,5.482534758286372,1794460,7.908900132847803,3413894,15.046390953338785,1931153,8.511360642337769,16709375,73.64487263984918,2150475,9.47800007422059
民國94年,2005,22770383,1144355,5.025629125342336,1733790,7.6142329270438704,3294247,14.467244578187376,1948681,8.557963210368486,16921080,74.31179352582696,2216804,9.735470852642223
民國95年,2006,22876527,1092942,4.777569602239011,1656577,7.241383274655283,3176997,13.887584422233324,1930184,8.437399610526546,17122228,74.84627364984205,2287029,9.99727362461968
民國96年,2007,22958360,1052585,4.584756925146221,1556229,6.77848504858361,3058061,13.320032441341628,1944062,8.467773830534933,17307389,75.3859988257001,2343092,10.205833517725134
民國97年,2008,23037031,1026206,4.454593128776012,1500343,6.512744632761053,2936650,12.747519417758305,1931654,8.384995444942536,17525876,76.07697363431946,2402220,10.427645819463455
民國98年,2009,23119772,1002160,4.334644822621954,1448625,6.265740855921935,2808328,12.146867192288921,1936831,8.37737932709717,17723427,76.65917726178269,2457648,10.630070227336152
民國99年,2010,23162123,964093,4.162368881298144,1391454,6.0074544980181654,2711482,11.706534845704775,1884285,8.135199869200244,17929658,77.40938945881601,2487893,10.741213143544744
民國100年,2011,23224912,956990,4.1205322973882526,1372775,5.910786658739546,2628612,11.318070871484895,1840738,7.925704949926182,18110885,77.9804246405756,2528249,10.885935757259274
民國101年,2012,23315822,983683,4.21895054782971,1397264,5.992771775320638,2555512,10.960419924290038,1824691,7.825977570080952,18288620,78.4386670991055,2600152,11.151877896477336
民國102年,2013,23373517,986951,4.222518160189585,1392786,5.958820831285253,2500859,10.699540852153316,1757526,7.519304861138355,18469964,79.02090216033812,2694406,11.527601943686951
民國103年,2014,23433753,1005126,4.289223326711688,1400255,5.975376628745724,2468063,10.532085918973372,1681729,7.176524391974261,18638652,79.53763104014965,2808690,11.985660171462932
民國104年,2015,23492074,1052455,4.480042928521339,1417380,6.033439193150848,2457079,10.459182956770867,1586278,6.752396574265856,18804459,80.04597210105842,2938579,12.50881041835642
民國105年,2016,23539816,1063063,4.516020855897939,1433572,6.089988129049097,2449649,10.406406745065468,1537553,6.5317120575623875,18963159,80.5578046999178,3106105,13.195111635537
民國106年,2017,23571227,1022399,4.3374873951194814,1461143,6.198841494335445,2437779,10.34218116859169,1462883,6.206223375643534,19121282,81.12128401291965,3268013,13.864416137522243
民國107年,2018,23588932,1008979,4.27734074607532,1444449,6.1234183896074645,2414712,10.236631315059114,1363808,5.781558910763743,19222440,81.48923401873387,3433517,14.555627189904147
民國108年,2019,23603121,975801,4.134203269135468,1388039,5.880743483033451,2389411,10.123284119926344,1312796,5.561959369695219,19338629,81.93250799332851,3607127,15.282415405996522
民國109年,2020,23561236,925302,3.9272218146789926,1355073,5.751281469274362,2352964,9.986589837646887,1263003,5.360512496033739,19443414,82.52289480908387,3787315,16.07434771248843
民國110年,2021,23375314,865740,3.7036507830440266,1287990,5.510043629788246,2295929,9.82202420895822,1221771,5.226757595641282,19387672,82.94079814286131,3939033,16.8512517093888
民國111年,2022,23264640,811733,3.48912770625292,1214244,5.21926838326318,2264207,9.73239646089516,1167966,5.02034847734588,19391070,83.349968020137,4085793,17.56224467690022
民國112年,2023,23420442,775056,3.30931414530947,1156222,4.9368069142333,2229679,9.52022596328455,1174518,5.01492670377442,19590532,83.64714893083573,4296985,18.34715587348864
民國113年,2024,23400220,736527,3.14752168996702,1099630,4.69922932348499,2135700,9.12683726905132,1206685,5.15672502224338,19643077,83.94398428732721,4488707,19.18232820033316
民國114年,2025,23299132,684012,2.93578318711616,1027954,4.41198410309878,2048166,8.79073950051015,1195298,5.13022545217564,19644140,84.31275465540948,4673155,20.05720642296889
,,,,,,,,,,,,,,
,,,,,,,,,,,,,,內政部戶政司　編製
