出生數按性別及粗出生率,,,,,,
,,,  按登記日期統計,,,單位：人；‰
年　　　　　別,,出　　生　　數　（人）,,,"出生嬰兒
性比例","粗出生率
（‰）"
,,計,男,女,,
民國47年,1958,413679,…,…,,41.7
民國48年,1959,423863,…,…,,41.2
民國49年,1960,422319,…,…,,39.59
民國50年,1961,422740,…,…,,38.33
民國51年,1962,426325,…,…,,37.42
民國52年,1963,427212,…,…,,36.32
民國53年,1964,419797,…,…,,34.59
民國54年,1965,409620,…,…,,32.74
民國55年,1966,418327,…,…,,32.47
民國56年,1967,376806,…,…,,28.51
民國57年,1968,396886,…,…,,29.29
民國58年,1969,393455,…,…,,27.97
民國59年,1970,396479,…,…,,27.19
民國60年,1971,382797,…,…,,25.67
民國61年,1972,368067,…,…,,24.18
民國62年,1973,369022,…,…,,23.8
民國63年,1974,369671,…,…,,23.42
民國64年,1975,369349,…,…,,22.98
民國65年,1976,425125,…,…,,25.92
民國66年,1977,397373,…,…,,23.75
民國67年,1978,410783,…,…,,24.1
民國68年,1979,424034,…,…,,24.41
民國69年,1980,413881,213205,200676,106.24339731706831,23.38
民國70年,1981,414069,213948,200121,106.9093198614838,22.97
民國71年,1982,405263,209457,195806,106.9716964750825,22.08
民國72年,1983,383439,198240,185199,107.04161469554371,20.56
民國73年,1984,371008,192034,178974,107.29714930660319,19.6
民國74年,1985,346208,178336,167872,106.23332062523826,18.04
民國75年,1986,309230,160226,149004,107.53134144049825,15.93
民國76年,1987,314024,163331,150693,108.38658730000729,16.01
民國77年,1988,342031,177687,164344,108.11894562624738,17.24
民國78年,1989,315299,164147,151152,108.59730602307611,15.72
民國79年,1990,335618,176029,159589,110.30146188020478,16.55
民國80年,1991,321932,168865,153067,110.32097055537771,15.7
民國81年,1992,321632,168488,153144,110.01932821396856,15.53
民國82年,1993,325613,169486,156127,108.5564956733941,15.58
民國83年,1994,322938,168444,154494,109.02947687288827,15.31
民國84年,1995,329581,171118,158463,107.98609139041922,15.5
民國85年,1996,325545,169484,156061,108.60112391949302,15.18
民國86年,1997,326002,170047,155955,109.03593985444519,15.07
民國87年,1998,271450,141462,129988,108.82696864325938,12.43
民國88年,1999,283661,148042,135619,109.16022091299891,12.89
民國89年,2000,305312,159726,145586,109.71247235311088,13.76
民國90年,2001,260354,135596,124758,108.68721845492874,11.65
民國91年,2002,247530,129537,117993,109.78363123236123,11.02
民國92年,2003,227070,118984,108086,110.08271191458654,10.06
民國93年,2004,216419,113639,102780,110.5652850749173,9.56
民國94年,2005,205854,107378,98476,109.0397660343637,9.06
民國95年,2006,204459,106936,97523,109.6520820729469,8.96
民國96年,2007,204414,106898,97516,109.6209852742114,8.92
民國97年,2008,198733,103937,94796,109.64281193299294,8.64
民國98年,2009,191310,99492,91818,108.35783833235313,8.29
民國99年,2010,166886,87213,79673,109.46368280345915,7.21
民國100年,2011,196627,101943,94684,107.66655401123737,8.48
民國101年,2012,229481,118848,110633,107.42545171874576,9.86
民國102年,2013,199113,103120,95993,107.42449970310335,8.53
民國103年,2014,210383,108817,101566,107.13920012602642,8.99
民國104年,2015,213598,111041,102557,108.27247286874615,9.1
民國105年,2016,208440,108133,100307,107.80204771351949,8.86
民國106年,2017,193844,100477,93367,107.6151102637977,8.229238312554447
民國107年,2018,181601,93876,87725,107.01168424052436,7.701458343259615
民國108年,2019,177767,92237,85530,107.84169297322576,7.53376845037871
民國109年,2020,165249,85704,79545,107.74278710164057,7.007367873158962
民國110年,2021,153820,79513,74307,107.00606941472539,6.554380328336872
民國111年,2022,138986,72097,66889,107.78603357801731,5.95995442019518
民國112年,2023,135571,70227,65344,107.47275954946132,5.80789383640796
民國113年,2024,134856,69947,64909,107.76163552049793,5.76
民國114年,2025,107812,55797,52015,107.27097952513698,4.62
,,,,,,
說明：出生嬰兒性比例：每百名出生女嬰兒人數所當出生男嬰兒人數。,,,,,,內政部戶政司編製
